id,name
1,男人何必矜持
2,思念的钟、只为你跳动
3,玩世不恭.只求红颜一笑
4,山u@
5,欠你的幸福
6,将你溺于我心海
7,你说，好久不见
8,远妄
9,拟歌先敛，欲笑还颦
10,灬sんι笑忘ˇ
11,予之笑颜
12,十夏九黎
13,百变逗逼
14,愿他好
15,月迷津度，何以忘言
16,づ羞f之容
17,此情可待追忆
18,堇年_伊人倾城
19,"╃ノv, 男 λs"
20,单身汉
21,我是情纯小范
22,疯子别跑
23,以梦为马
24,黑色指针
25,半世流离只为红颜倾城
26,我就是帅哥蟋蟀他哥
27,这男人，不是你的谁
28,抽烟请举手
29,你把我灌醉
30,如花 我女神 
31,没关系我紧拥你
32,从醇香酿成了苦涩
33,抓紧光芒不放手
34,阑珊几场
35,故人难聚
36,左语
37,孤存
38,谏书稀
39,美人迟暮
40,笙歌醉梦间℃
41,挽歌渐起
42,笙歌已沫
43,我只是偏爱凉生
44,我对时间过敏
45,天荒地老自己过
46,男微信名字简单气质
47,给她c夏天般的幸福g
48,旧街老巷
49,喝眼前的酒
50,古城老巷
51,流晚涵相怼怨
52,"时光凉,春衫薄"
53,各自殊途
54,为她倾尽所有
55,乱一世狂傲
56,清醒欢生
57,高冷病友
58,散酒清风
59,孤家寡人
60,烟雨b梦兮
61,清风与你
62,不苟言笑
63,对芟不
64,北风吹白舟
65,一生戎马
66,水墨亦成画
67,寒江天外
68,渔舟唱晚
69,孤海未蓝
70,顾城湿梦
71,风霜莫蚀颜
72,山前拥翠淡
73,沫离伤花f
74,烈酒清风
75,笑饮孤鸿
76,失敬变浅
77,于别旧事
78,人花亦醉
79,清街酒馆
80,慈禧太后
81,听风说往事
82,你已不在
83,提笔写一生
84,温柔养猫人
85,浪里看花
86,南巷长歌
87,画上佳人纱
88,话与酒争烈
89,白衣折扇
90,太平长安
91,驿寄梅花
92,冷眸含黛
93,负手而立
94,妄自菲薄
95,风雨里长大
96,马车书信
97,一笑奈何
98,桥乡兼醉乡
99,故笙诉离歌
100,旧梦如风
101,醉梦乱言n
102,半曲弦铩
103,一顾风月枉然
104,王者要野心
105,不羁的风
106,两袖清风
107,醉挽清风
108,南城旧梦
109,寡命汉子
110,我的风景
111,醉酒当歌
112,微雨燕双飞
113,南鸢离梦
114,秋风殇。
115,酒意诗情
116,风和上柳桥
117,昨日帝王篇
118,木佑阃
119,我比多肉更多肉
120,师太，借个吻
121,虎背熊腰萝莉心
122,咬字分开读
123,朕要去幼儿园深造了
124,蚂蚁绊大象
125,无地放屎
126,瞪谁谁怀孕
127,骑猪上高速
128,康忙败笔来死狗
129,来瓶92年的爽歪歪
130,来包辣条压压惊
131,中国移动，哥不动
132,哇塞！女神经耶
133,放开那老妇
134,打小就挺坏
135,帅到拖网速
136,遇蛇撑伞装许仙
137,无赖de猪
138,提啥作业，伤感情
139,中国先疯队大队长
140,会发光的是灯泡
141,拿回忆下酒
142,珍爱生命远离网络
143,一个狠有粪量的淫
144,不美不萌照样拽
145,颜值界扛把子
146,喵小咪
147,是凶是兆是胸罩
148,r想念m残留A香水味
149,装疯总比装逼好
150,"指着心说,我专属你"
151,短发潮流
152,我的未来式
153,你是我此世不渝的执着
154,曾经的她ツ让我心不平静
155,踏骨征王
156,无处寄笺
157,一纸红笺
158,良辰
159,眉眼一袭温良
160,红袖添香
161,青衣水袖
162,踽踽独行
163,棠梨煎雪
164,独酌陈酿
165,明月下西楼
166,N葙h
167,侠骨柔情摧红颜
168,清宵尚温
169,场以散，故人亦相离
170,画唐轻赋临江仙
171,卮言
172,笙歌欢颜
173,山穷水尽更词穷
174,舔脚王子
175,鬼马情人
176,此男子透在骨子里的轻浮
177,我懂失去的悲伤
178,幔挥霍着的青春
179,牵着你的手陪你看日出
180,你是我唯一执着的执着
181,☆^k公子
182,现在换我来爱你
183,带粉色杜蕾斯裸奔的男人
184,菊花少年
185,Home|鑫爷灬
186,掌柜我要典当爱情
187,西瓜味少年
188,穿越千年 只为过往的红颜
189,"朝思暮想,想你的容颜"
190,┼城 P
191,[港岛少年- ]
192,骚年ジ独占你的情
193,做你的英雄
194,你TM的虐　
195,骨子里的坚强
196,うIP江^
197,ΨiI酒至γоμ
198,别动，屎里有毒
199,吖^°ο°
200,网名太长不好像我这样刚好
201,谈情不如逗狗
202,非洲小白脸
203,老衲只沾花不惹草
204,流氓兔耍流氓
205,辣条队长
206,血洗幼儿园
207,我们床上聊
208,茈s子
209,该用户还没想好网名
210,有妞不泡大逆不道
211,总有刁民想害朕
212,地球是哥捏圆的
213,哥只卖身不卖艺
214,の夏
215,国际人渣~
216,穿内库是为了挡中央
217,爱你99绝不88
218,蹲在厕所唱国歌
219,初恋迈进老树
220,当故事变为事故
221,打小就很酷
222,跳不过梁的小丑
223,我狠丑可是我也不温柔
224,猪母狼马疯
225,采姑娘的小蘑菇
226,回幼儿园当学霸
227,帅、毁了我一生
228,长的太帅死的快
229,王牌能力杂牌军
230,好瘦的八戒啊
231,中考是道鬼门关
232,断肠人在刷牙
233,驴头不对马尾
234,我是土豆又土又逗
235,搜狗把你搜出来
236,出售半包辣条，你要么
237,骑猪撞大树
238,不想活又不敢死
239,制霸红领巾
240,无缘无故的心情不好
241,你的情话我偏爱听
242,剜心者你过得好吗
243,心脏染满的颜色
244,你给的只有谎言没有爱
245,那么想迩的
246,念是会呼吸的痛
247,抱着别人说爱我
248,"心,系在哪里?"
249,特立独型
250,留在悲伤的那一角
251,爱情不是哭回来的-
252,sorry，我无所谓
253,我曾怀念的当初
254,逞强也是一种坚强
255,再见、那所谓的痛
256,呼吸m的味道
257,抱紧我不留空隙.
258,彼岸花x悲伤的誓言
259,看不透A风景t
260,曾拥有的°我珍惜
261,下雨天我想的那个人
262,是我在做多情种
263,∝只留下我一个人世界
264,樱花树下得巴黎L
265,放了你却疼了我〃
266,。该死的小聪明
267,好想到此为止ζ
268,这样滥情何苦
269,再多的煲o啾磉_
270,我不是超人，我不回y
271,你说我像个泼妇
272,你、不爱我
273,岁月静好、年华无伤
274,、那年的那天
275,把n1放在左心室り
276,"~是舨皇敲,"
277,最后你等我了吗
278,°再见也只是句点
279,俄只是迩的唯一
280,你是琉璃、我不是
281,抵视你不看回首的痛
282,m、硪爱不起
283,会痛才知道自己还活着
284,a∏楱r 依f
285,笨女人只会为男人而哭
286,感谢电脑陪我混日子
287,爱恨缠绵丶伤却又美
288,女人、就要对得起自己
289,旧情难忘moment
290,有了心脏却没了心跳
291,格式化只为删除迩
292,黑与白b一念之差
293,小背叛证明你的心g
294,空人空心空世界
295,请出局好吗
296,花堪折、黯然一世风华
297,幸福、正在建设中
298,你知道我被你伤透了吗
299,早已习惯这样的生活f
300,你敲了门、却转身
301,亲爱的狮子座
302,投花的得到幸福
303,我不奢求永远ァ
304,假情假义假温柔≠
305,谁年少没2过
306,假面狐狸也有半分矜持
307,曲水弯弯
308,刀Ο
309,♂共んυa台衷
310,斯人独醉
311,鹫冥ツ隳眶
312,钟情
313,f火
314,爱你从没有顾忌
315,特别心动
316,u笑人
317,思念因子
318,禁欲美男
319,怨情
320,⑼延旨端
321,¤困瑷ι我Q
322,骨z1里的傲慢
323,L、x括ミha
324,じòL流づ少
325,他才是你的唯一
326,奔放小青年
327,肆无忌惮丶继续ai迩
328,谁能取代你在我心上
329,沉默是因为包容
330,心病・只需要你治
331,忠于职守的孤独
332,低喃一句有你真好
333,初见，一眼足以
334,笑容满面的挽着你
335,那碗酝酿爱情的茶
336,远方再无故人讯
337,怀念童年时的裸奔
338,回来吧，我还在
339,绝版无敌男
340,末日控
341,夜访-寡妇村
342,屺慵←┈
343,你的回眸已安慰不了我
344,挑剔A男人够资本 
345,女人、你是我的独家记忆
346,随风挥手
347,作为听众
348,寡人如拥
349,时光偷走当初
350,浮光初槿花落
351,旧事离人
352,不谈爱情
353,久入我梦 
354,昨日雾浓
355,稳场孤王
356,夜盲症
357,贪婪是人的本性
358,`零点零一分的情绪
359,越小的事越多的感动ァ
360,我会好好的
361,㈠瞬gA回眸
362,谁是谁的谁的谁
363,在我心里，你很特别
364,你会爱我到多久
365,￡留佟⒛愀A温柔
366,思念，深至骨髓
367,别荡失太早V5
368,一个人走走停停
369,我想更懂你
370,美好如假象
371,谁比谁逞强
372,哭、谁懂≈
373,别把往事吵醒
374,祭祭祭祭、奠
375,不是爱人不配深情
376,得了青春期躁动症
377,不甘寂寞
378,黑暗是心底绽开的花
379,乡下人有的是真心
380,感情不是k歌
381,越长大越孤单
382,磕磕绊绊从不言
383,泪樗{颜洒
384,※深信不疑
385,伤昀多、也咫罘过是心
386,yeq＂执迷不悟
387,若记忆能够另存
388,我也不再爱你
389,不自知的安全感
390,像傻瓜一样去爱
391,挡煌甑挠挈c
392,ツ红颜并不是祸水
393,如果你愿意
394,我们会渐渐明白
395,∝黑白与虚幻r
396,心情换了一遍又一遍
397,回忆、终究是回忆
398,请萌幂嫒上
399,莪等你回来，穿情侣装
400,一念执着
401,而你却没有一句挽留
402,幸福的定义不是性福
403,我会疯狂的爱到你死
404,一个人的似水流年
405,各N矍楦鞣N
406,一切竟在回忆中
407,说太多不如沉默
408,安之若素冷暖自知
409,饮不尽离愁
410,q眼泪是我最后的告别
411,烟花、瞬间的美
412,这么对我公平吗
413,om承Z
414,如醉如痴的沉迷
415,梦醒时分颠沛流离づ
416,┞爱是甜的毒
417,不是故意想起你的
418,洗不掉也忘不了
419,爱你的心永不停止
420,我没有想象中那么勇敢
421,初吻很霸道
422,吻硪，是爱硪还是寂寞
423,k爱茫冒我吗？
424,─━Tl鬟蕖⑤Kζ
425,过去~只能变成回忆
426,e我爱你胜过你爱我
427,baby你是我的眼
428,各自安好°elope
429,t°青春微凉
430,是梦终会空sm
431,做1百分男人
432,半岛旧情．hr2u
433,う我只是爱上了爱情
434,Y9o後K大物
435,う受过伤得女人很可怕
436,棒棒糖^回忆
437,还不就是你情我愿
438,木有灵感
439,女人无须倾国倾城
440,花祭灬等人陪
441,由于相似而靠近
442,指尖的落{
443,滚、带着你给我的承诺
444,其实我真的很不错
445,°烈酒花生
446,未离开
447,旧街古人
448,百年孤寂
449,孤久则惯
450,夜起南风
451,冷拥
452,当你听我说
453,烟不离手
454,不过今日
455,饮醉酒
456,夜知冷暖
457,老友老酒
458,故人难忘
459,倾一世等一人
460,少年的泪不及海水蓝
461,似梦
462,青衫落拓
463,栀初
464,痴情的人总是又聋又瞎
465,少年不懂姑娘那七天的痛
466,犀鹇俾渖倌曛瘴王
467,WjuM
468,l涫m蹑嗨
469,话说当年
470,话少人在
471,残喘
472,与你习惯
473,我怀念的
474,怪我怀旧
475,沦落陪衬
476,任你闹
477,缠着我的还是思念
478,忘了温柔
479,孤家寡人
480,你好亦好
481,你青丝如乌
482,放纵
483,离沦的海
484,揽你入怀
485,心动情歌
486,与梦孤城
487,藏匿
488,知几分
489,几许黑发
490,尴尬对白
491,情话大师
492,酒后情人
493,说忘是谎
494,回首寒暄
495,no
496,迩会爱我很久吗
497,请许我尘埃落定
498,默默温情
499,你在哪里
500,爱你是曾经
501,劳资正质芳龄
502,女人的、话要反着听
503,不要说话≈
504,双面女神
505,硬削奶盒
506,轻舞飞扬
507,￡剑魂メ秒杀彡
508,逍遥情羽
509,秋台思雨
510,无需恐慌
511,篆香烧尽
512,浮光白衣
513,J奋发向上
514,倾城之恋
515,醉卧听雨
516,晟惜琳香
517,泪湿罗纬
518,爱的诗意
519,剑落白衣
520,花自飘零
521,孤灯白衣
522,胸有大志
523,流水随风
524,樱花飘落
525,追梦抓梦
526,￡超神★光环
527,听雨遥思
528,娇兰佳人
529,娇心如
530,良宵淡月
531,君朔离歌
532,一生有你
533,伴凯终老
534,小阁藏春
535,云雨思归
536,雨窗思归
537,北宫兰亭
538,『地狱★男爵』
539,思雨
540,落雨纷飞
541,樱花飞杨
542,无悔青春
543,英俊潇洒
544,守望mD
545,万能青年
546,桐花思雨
547,占你心房
548,雪地伤狐
549,听花闻海
550,晴空飘雨
551,锦瑟千寻
552,※b望
553,航帆直上
554,长情夜愿
555,换一个梦
556,沧海月明
557,烽火佳人
558,续写∑传奇
559,临窗听风
560,小鸟依人
561,超越梦想
562,静煽ζ
563,欢迎勾引
564,半世琉璃
565,亡魂孤心
566,n薄荷少年
567,川浮华黯淡
568,素锦流年つ
569,彩Sē泡泡
570,夏雨n初晴
571,半梦半醒
572,凉城以北
573,国妓总奸
574,q⌒堇色安年ㄨ
575,ジ柠檬心酸つ
576,［`A`d］
577,嘘！小声点！
578,嘟嘴卖萌sεt
579,爱已离线
580,孤守一城
581,ε嘴嘴欠吻
582,姓坚名强
583,t破茧q成蝶メ
584,哎呀呀
585,我不姓胡
586,ζ落雪F成殇つ
587,步步奸情f
588,刮开看看
589,心死身残
590,àīωǒЬīézǒu
591,萌面怪C
592,こ清羽ζ墨安
593,Mé、易睡品
594,痘肤西施
595,说了好多
596,点灯人
597,太过炽热
598,一厢情愿
599,不善挽留
600,爱那么浅薄
601,高姿态的男人
602,你w芯
603,花衬衫
604,胡大本事
605,forever°为你锁心
606,爱你。我活该如此
607,年华耗尽 Y繁花M地 
608,冷颜少年
609,f时间不停伴你永恒
610,尘世凡间
611,一念之间
612,便是永远
613,你来过
614,我记得
615,缠绵
616,万般不愿
617,恋你眼眸
618,分寸感
619,千百遍
620,留白
621,花落池边
622,地阔天远
623,之间
624,便是人间
625,一缕青烟
626,滴水
627,挥之不去
628,转身
629,心甘情愿
630,深藏
631,有你耳语
632,破旧衬衫
633,心字情书
634,情味三千
635,ャ.浅唱
636,梦醒因你
637,你在远方
638,一身干净味
639,再酷也只撩你
640,听风说你
641,一身祖宗味儿
642,烂醉
643,怪我性子野
644,四野无人
645,ン孤身一人
646,转身〃遗忘
647,n夏N
648,众里寻她
649,对心开火
650,ú徽经
651,七堇年A
652,半人半妖
653,不念则忘
654,胸有大痣
655,国产逗逼
656,哆啦A萌VεV
657,痛而不言
658,柠萌小姐ζ
659,此已封
660,莪、iu榀
661,雾以泪聚
662,豆蔻年华*
663,`眼gPk
664,［顾你安稳］
665,「十年九夏」
666,葑蕊琐v
667,视ní如命
668,残花△落败
669,痴心易碎
670,惜你如命
671,［栀璃鸢年］
672,烟花巷陌d
673,离人怎扰
674,镜子不哭
675,e果冻ル
676,趁早放手
677,作茧孤独
678,刺心爱人
679,葬之心海
680,七尺大乳
681,孤言自欺
682,t崆嵛枨吵
683,孤城凉梦
684,栀璃鸢年ぴ
685,（り谢绝骚扰
686,各自安好G
687,北城以北
688,晓风残念
689,夕夏¤温存
690,墨尔本・晴
691,半世流离
692,眼泪笑ろ
693,t峤龃硕已
694,夏末・
695,殇ベ
696,空白
697,孤狼
698,冰瞳
699,情兽
700,怪咖
701,命硬
702,―剧终―
703,旧疤
704,懒婆う
705,南鸢
706,绝版
707,凉笙
708,孤巷
709,冷眸
710,漓う
711,残影
712,浅醉
713,殇W痕
714,怜影
715,走
716,木ぁ瑾
717,陌ら默
718,柠の萌
719,絮恋
720,开心
721,犊子
722,温瞳
723,哽咽
724,人渣
725,H
726,浅夕
727,魂
728,冷真
729,冷竹
730,离别
731,离欢
732,怜青
733,怜雪
734,灵卉
735,灵萱
736,凌曼
737,凌芹
738,凌山
739,流离
740,落夏
741,茫草
742,没缘
743,没有故事
744,不是现在
745,思念太近※
746,肆意
747,阳光回忆
748,满分是你
749,清风挽发
750,故人何颜
751,三分热度
752,一无所有就是拼的理由
753,我想稳定
754,心易碎品
755,心碎见蓝天
756,我会努力疼你
757,我会尽全力 乐观而坚强つ
758,心慌
759,心悲凉
760,笑着原谅 
761,笑忘
762,笑说再见
763,笑脸相迎
764,笑尽往事
765,笑淡了就罢
766,小成熟
767,巷子里的童年
768,巷雨
769,现在不努力未来不给力
770,喜怒不形于色
771,惜你如命
772,西门大官人
773,务劳 不虚实
774,勿忘心安
775,学习雷锋好榜样
776,学会珍惜
777,σ学会忘记
778,心如止水方自安
779,做任的男人
780,作风高深
781,无法代替
782,无敌小金刚 
783,我真的爱她
784,σ我在原地等你
785,我要向前进
786,我心碎
787,我会狠坚强
788,我会很洒脱
789,我的未来我做主
790,我不甘心
791,难得用心
792,呐殇谁会懂谁会心疼
793,梦烟
794,觅云
795,莫夏
796,木槿
797,木樨
798,徊
799,浅巷
800,余温
801,初遇
802,病态
803,介入
804,乱心
805,情瘾
806,深蓝
807,尊严
808,浅蓝
809,未央
810,残温
811,浮尘
812,暖爱
813,脆清
814,心绝
815,浓雾漫山野
816,青芜堤上柳
817,微雨黄昏
818,青桥细雨
819,水漾月微醺
820,栀晚鸢乱
821,青衫烟雨
822,清秋瘦水
823,高山与森林
824,一川烟草
825,朗月清风
826,几番春暮
827,一湾青森
828,折月煮酒
829,森浓有荒
830,凉云暮叶
831,月色黯然
832,秋月春花
833,月色如水
834,雾涣风月
835,暮烟疏雨之际
836,山色风月倦
837,朝飞暮卷
838,光风霁月
839,风清夜色
840,空水漫漫
841,雾漫版
842,桃风杏雨
843,山涧晴岚
844,轻烟薄雾
845,江畔旧时月
846,月下听花
847,晨风拂面
848,看海听风
849,暗香疏影
850,k林间清风
851,萧萧慕雨
852,云淡月浅
853,碧潭飞雪
854,沉醉花海
855,小楼听雨诉
856,那缕云后的阳光
857,微雨打梨花灬
858,山间雾_雨中城
859,南风草木香
860,半城月光半城雾
861,忘川边蒹葭
862,落月成孤倚灬
863,十里画廊
864,海上明月共潮生
865,雾时之森
866,冷月飘霜
867,∫逝水无痕∫
868,深山夕照深秋雨
869,乱山深处水萦回
870,一地月光
871,红藕香残
872,空水漫漫
873,迷乱花海
874,云清雾淡
875,Archer丶久遇
876,Lndulge迁就
877,魄悲Triste
878,Lovely、熙こ
879,莪④Angle`
880,Custom
881,夏逝Depart
882,GD is GOD
883,Dear°心裂
884,妩媚Enchanting
885,″peerless断夏
886,温唇°sunshine
887,Shine（光芒）
888,Dreams°凉兮
889,无姓之人4/5TOUS
890,Adventure
891,呐伤已黯
892,那一的蜕变
893,拿得起放得下
894,暮然回首q
895,莫忘初心
896,时光巷陌
897,"时光不染,回忆不淡"
898,失去多了也就成熟了
899,深爱乃沉默
900,深爱成碍
901,涉世深交
902,好好爱自已
903,好好爱自己@
904,捍卫她的权利
905,还想她；
906,忘记过往
907,忘掉 悲伤
908,万分感慨*
909,挽手叙旧
910,吞掉委屈
911,蜕化也是美
912,蜕变成熟
913,σ蜕变
914,退却了浮华〃
915,痛过之后是成熟
916,停止想念
917,天真过后的成熟
918,体贴
919,体会痛就是成熟
920,体会生活
921,疼痛是种破茧而出的领悟
922,痊愈与疤@
923,诠释淡忘。
924,圈子不同别硬融
925,情话丶终究成了童话
926,情毒刺骨
927,情到深处人自醉
928,倾听寂寞
929,轻于鸿毛
930,青春一旦典当即永不再赎
931,悄然改变
932,浅色g夏沫s
933,钱定今生
934,迁就你 @
935,恰似一种蜕变
936,g`厝
937,泣芷ㄋ
938,其实我一直都在
939,平平淡淡の１７
940,陪伴胜过千言万语
941,Your company你为伴
942,Lonelycity.孤城
943,Flower*刺心
944,Foresee°致命爱人
945,Confessions useless
946,Prison囚困
947,亡命.Honoria
948,念旧cunese
949,Review。旧爱
950,′Stay、天空
951,let it go
952,Bitter祭末
953,Traveler^过客
954,simple love
955,Stella的狂想
956,Mement^范儿
957,Times lover
958,Heart plug（心塞）
959,Ctwinklea青春
960,
961,Laddyg高冷女子
962,Burial.（葬礼）
963,跑调大叔
964,暖心帅比
965,妞你别太过艳眼
966,念她好
967,念Nǐ成瘾
968,还你笑脸
969,过往如云烟ペ
970,过去的就过了
971,过客而已
972,国民萌叔
973,闳エq┛ 嘞
974,嗜成命
975,久居莪心
976,久病自愈 -
977,经历多了自然就成熟了
978,瑾色ペ年
979,金枪不倒
980,戒浮戒躁 
981,放下所有痛
982,放下所有悲伤
983,放荡不羁的大男人
984,繁华沧桑
985,发奋图强
986,儿时危险的梦
987,zんě?pcんě?朗煨
988,少
989,少年回首怎奈梦已空.
990,摸鱼大神
991,我是摸鱼高手
992,带你摸鱼
993,摸鱼找我
994,天天都爱摸鱼
995,每天摸一鱼精神百倍
996,秒爆boss归为
997,摸鱼无敌
998,抖音太子
999,农药传奇
1000,吃鸡无敌
1001,西安门窗定制
1002,湖北鸟
1003,中华有为，挺华为
1004,干掉特朗普
1005,谁敢抢我boss
1006,boss无敌
1007,跳跳我第二
1008,亚龙湾度假
1009,鹿回头，真的回吗
1010,穷的吃土
1011,武汉土特产找我
1012,不要说川普，肚子疼
1013,川味特产，全国批发
1014,80后的情怀
1015,90最惨时隔一世纪
1016,来咬我呀
1017,努力活下去
1018,我要摸鱼翻身
1019,拉霸再中大奖
1020,我要反应bug，有奖吗
1021,我有龙晶五千万
1022,弹头找我
1023,买卖弹头
1024,诚信商人
1025,收弹头，大量收购
1026,回收京东卡
1027,无限手弹珠
1028,我要弹头，哪里有
1029,我要买弹头
1030,蛋蛋给我
1031,我要下蛋
1032,没有蛋蛋不要找我
1033,蛋蛋蛋 蛋疼
1034,我家有只产蛋鸡
1035,我有号角你有吗
1036,运气不好去烧香
1037,手气不好拜佛祖
1038,今日必赢
1039,我有一个创意，摸鱼联系我
1040,就爱摸鱼，
1041,不要让我玩棋牌，想坑我吗
1042,棋牌毁我前程
1043,儿时梦今日汗
1044,我只玩摸鱼
1045,组队摸鱼，天天上班天天摸
1046,今天摸了么
1047,喷子，中国最强
1048,喷子无敌
1049,抖音干掉微信
1050,我的微信被封了
1051,出海摸鱼，可以加个玩法
1052,我养鱼，你买鱼吗
1053,老板加个捕鱼私人房间
1054,和我摸鱼的那个你是一个人么
1055,天天摸鱼 天天爽
1056,我的龙晶啊
1057,炸龙晶
1058,跳过100步
1059,爆发吧
1060,让我中7
1061,我要中7
1062,还我龙晶
1063,什么时候出竞技战场
1064,客服大奖赛什么时候有
1065,波克收售
1066,已脱波克坑
1067,天天爱捕鱼坑我
1068,这是捕鱼来了吗
1069,棋牌输得精光
1070,不要拉我玩棋牌
1071,想要我钱滚
1072,滚 不要加我
1073,我只玩摸鱼，不要拉我了
1074,有人拉摸鱼玩家
1075,狗屁商人 想坑我 
1076,保安
1077,婚庆主持
1078,昌盛装饰
1079,德昂地产
1080,链家
1081,一起摸鱼
1082,有一起摸鱼的队友吗
1083,企鹅大冒险约比赛
1084,企鹅大冒险敢来战
1085,企鹅给力一点啊
1086,企鹅怎么能跳到我手软
1087,企鹅快飞
1088,企鹅这个背景音乐有点好听
1089,区块链合成龙
1090,区块赚钱项目
1091,CEO捕鱼
1092,波克捕鱼
1093,捕鱼欢乐颂
1094,捕鱼小子
1095,一起玩捕鱼
1096,91Y捕鱼
1097,就要玩捕鱼
1098,集结号捕鱼
1099,辰龙捕鱼
1100,猎鱼达人H5
1101,魔力捕鱼
1102,旺旺捕鱼
1103,天天爱捕鱼
1104,捕鱼达人
1105,捕鱼码头
1106,捕鱼大作战
1107,欢乐捕鱼
1108,捕鱼掌门人
1109,满贯捕鱼
1110,捕鱼大冒险
1111,捕鱼大师
1112,捕鱼小大人
1113,捕鱼大人
1114,圣手捕鱼
1115,捕鱼大冒险
1116,CEO捕鱼商人
1117,波克捕鱼收售
1118,捕鱼欢乐颂收售
1119,捕鱼小子收售
1120,一起玩捕鱼收售
1121,91Y捕鱼收售
1122,就要玩捕鱼收售
1123,集结号捕鱼收售
1124,辰龙捕鱼收售
1125,猎鱼达人H5收售
1126,魔力捕鱼收售
1127,旺旺捕鱼收售
1128,天天爱捕鱼收售
1129,捕鱼达人收售
1130,捕鱼码头收售
1131,捕鱼大作战收售
1132,欢乐捕鱼收售
1133,捕鱼掌门人收售
1134,满贯捕鱼收售
1135,捕鱼大冒险收售
1136,捕鱼大师收售
1137,捕鱼小大人收售
1138,捕鱼大人收售
1139,圣手捕鱼收售
1140,捕鱼大冒险收售
1141,地主大人
1142,热血传奇私服
1143,黑龙公会
1144,传奇公会
1145,直播公会
1146,直播引流
1147,主播招募
1148,招募颜值主播
1149,直播秀场
1150,成都太古里
1151,华中主播招募
1152,鸿图人力资源
1153,创业破产
1154,年轻人不要轻谈创业
1155,好好上班吧
1156,戒赌就是赢
1157,收金元宝
1158,长江旅行社
1159,来重庆我请你吃火锅
1160,重庆小面
1161,西港招商
1162,金华投资
1163,山东崂山招商
1164,宝妈妈
1165,不要放不下那个她
1166,今年高龄
1167,卸载抖音
1168,摸鱼推广
1169,摸鱼怎么拿渠道
1170,天天摸鱼你今天又摸鱼了
1171,忏悔吧 不要摸鱼了
